Bicycle/2015_00251.jpg,0
Bicycle/2015_00252.jpg,0
Bicycle/2015_00253.jpg,0
Bicycle/2015_00254.jpg,0
Bicycle/2015_00255.jpg,0
Bicycle/2015_00256.jpg,0
Bicycle/2015_00257.jpg,0
Bicycle/2015_00258.jpg,0
Bicycle/2015_00259.jpg,0
Bicycle/2015_00260.jpg,0
Bicycle/2015_00261.jpg,0
Bicycle/2015_00262.jpg,0
Bicycle/2015_00263.jpg,0
Bicycle/2015_00264.jpg,0
Bicycle/2015_00265.jpg,0
Bicycle/2015_00266.jpg,0
Bicycle/2015_00267.jpg,0
Bicycle/2015_00268.jpg,0
Bicycle/2015_00269.jpg,0
Bicycle/2015_00270.jpg,0
Bicycle/2015_00271.jpg,0
Bicycle/2015_00272.jpg,0
Bicycle/2015_00273.jpg,0
Bicycle/2015_00274.jpg,0
Bicycle/2015_00275.jpg,0
Bicycle/2015_00276.jpg,0
Bicycle/2015_00277.jpg,0
Bicycle/2015_00278.jpg,0
Bicycle/2015_00279.jpg,0
Bicycle/2015_00280.jpg,0
Bicycle/2015_00281.jpg,0
Bicycle/2015_00282.jpg,0
Bicycle/2015_00283.jpg,0
Bicycle/2015_00284.jpg,0
Bicycle/2015_00285.jpg,0
Bicycle/2015_00286.jpg,0
Bicycle/2015_00287.jpg,0
Bicycle/2015_00288.jpg,0
Bicycle/2015_00289.jpg,0
Bicycle/2015_00290.jpg,0
Bicycle/2015_00291.jpg,0
Bicycle/2015_00292.jpg,0
Bicycle/2015_00293.jpg,0
Bicycle/2015_00294.jpg,0
Bicycle/2015_00295.jpg,0
Bicycle/2015_00296.jpg,0
Bicycle/2015_00297.jpg,0
Bicycle/2015_00298.jpg,0
Bicycle/2015_00299.jpg,0
Bicycle/2015_00300.jpg,0
Bicycle/2015_00301.jpg,0
Bicycle/2015_00302.jpg,0
Bicycle/2015_00303.jpg,0
Bicycle/2015_00304.jpg,0
Bicycle/2015_00305.jpg,0
Bicycle/2015_00306.jpg,0
Bicycle/2015_00307.jpg,0
Bicycle/2015_00308.jpg,0
Bicycle/2015_00309.jpg,0
Bicycle/2015_00310.jpg,0
Bicycle/2015_00311.jpg,0
Bicycle/2015_00312.jpg,0
Bicycle/2015_00313.jpg,0
Bicycle/2015_00314.jpg,0
Bicycle/2015_00315.jpg,0
Bicycle/2015_00316.jpg,0
Bicycle/2015_00317.jpg,0
Bicycle/2015_00318.jpg,0
Bicycle/2015_00319.jpg,0
Bicycle/2015_00320.jpg,0
Bicycle/2015_00321.jpg,0
Bicycle/2015_00322.jpg,0
Bicycle/2015_00323.jpg,0
Bicycle/2015_00324.jpg,0
Bicycle/2015_00325.jpg,0
Bicycle/2015_00326.jpg,0
Bicycle/2015_00327.jpg,0
Bicycle/2015_00328.jpg,0
Bicycle/2015_00329.jpg,0
Bicycle/2015_00330.jpg,0
Bicycle/2015_00331.jpg,0
Bicycle/2015_00332.jpg,0
Bicycle/2015_00333.jpg,0
Bicycle/2015_00334.jpg,0
Bicycle/2015_00335.jpg,0
Bicycle/2015_00336.jpg,0
Bicycle/2015_00337.jpg,0
Bicycle/2015_00338.jpg,0
Bicycle/2015_00339.jpg,0
Bicycle/2015_00340.jpg,0
Bicycle/2015_00341.jpg,0
Bicycle/2015_00342.jpg,0
Bicycle/2015_00343.jpg,0
Bicycle/2015_00344.jpg,0
Bicycle/2015_00345.jpg,0
Bicycle/2015_00346.jpg,0
Bicycle/2015_00347.jpg,0
Bicycle/2015_00348.jpg,0
Bicycle/2015_00349.jpg,0
Bicycle/2015_00350.jpg,0
Bicycle/2015_00351.jpg,0
Bicycle/2015_00352.jpg,0
Bicycle/2015_00353.jpg,0
Bicycle/2015_00354.jpg,0
Bicycle/2015_00355.jpg,0
Bicycle/2015_00356.jpg,0
Bicycle/2015_00357.jpg,0
Bicycle/2015_00358.jpg,0
Bicycle/2015_00359.jpg,0
Bicycle/2015_00360.jpg,0
Bicycle/2015_00361.jpg,0
Bicycle/2015_00362.jpg,0
Bicycle/2015_00363.jpg,0
Bicycle/2015_00364.jpg,0
Bicycle/2015_00365.jpg,0
Bicycle/2015_00366.jpg,0
Bicycle/2015_00367.jpg,0
Bicycle/2015_00368.jpg,0
Bicycle/2015_00369.jpg,0
Bicycle/2015_00370.jpg,0
Bicycle/2015_00371.jpg,0
Bicycle/2015_00372.jpg,0
Bicycle/2015_00373.jpg,0
Bicycle/2015_00374.jpg,0
Bicycle/2015_00375.jpg,0
Bicycle/2015_00376.jpg,0
Bicycle/2015_00377.jpg,0
Bicycle/2015_00378.jpg,0
Bicycle/2015_00379.jpg,0
Bicycle/2015_00380.jpg,0
Bicycle/2015_00381.jpg,0
Bicycle/2015_00382.jpg,0
Bicycle/2015_00383.jpg,0
Bicycle/2015_00384.jpg,0
Bicycle/2015_00385.jpg,0
Bicycle/2015_00386.jpg,0
Bicycle/2015_00387.jpg,0
Bicycle/2015_00388.jpg,0
Bicycle/2015_00389.jpg,0
Bicycle/2015_00390.jpg,0
Bicycle/2015_00391.JPG,0
Bicycle/2015_00392.jpg,0
Bicycle/2015_00393.jpg,0
Bicycle/2015_00394.jpg,0
Bicycle/2015_00395.jpg,0
Bicycle/2015_00396.jpg,0
Bicycle/2015_00397.jpg,0
Bicycle/2015_00398.jpg,0
Bicycle/2015_00399.jpg,0
Bicycle/2015_00400.jpg,0
Boat/2015_00903.jpg,1
Boat/2015_00904.jpg,1
Boat/2015_00905.jpg,1
Boat/2015_00906.jpg,1
Boat/2015_00907.jpg,1
Boat/2015_00908.jpg,1
Boat/2015_00909.jpg,1
Boat/2015_00910.jpg,1
Boat/2015_00911.jpg,1
Boat/2015_00912.jpg,1
Boat/2015_00913.jpg,1
Boat/2015_00914.jpg,1
Boat/2015_00915.jpg,1
Boat/2015_00916.jpg,1
Boat/2015_00917.jpg,1
Boat/2015_00918.jpg,1
Boat/2015_00919.jpg,1
Boat/2015_00920.jpg,1
Boat/2015_00921.jpg,1
Boat/2015_00922.jpg,1
Boat/2015_00923.jpg,1
Boat/2015_00924.jpg,1
Boat/2015_00925.jpg,1
Boat/2015_00926.jpg,1
Boat/2015_00927.jpg,1
Boat/2015_00928.jpg,1
Boat/2015_00929.jpg,1
Boat/2015_00930.jpg,1
Boat/2015_00931.jpg,1
Boat/2015_00932.jpg,1
Boat/2015_00933.jpg,1
Boat/2015_00934.jpg,1
Boat/2015_00935.jpg,1
Boat/2015_00936.jpg,1
Boat/2015_00937.jpg,1
Boat/2015_00938.jpg,1
Boat/2015_00939.jpg,1
Boat/2015_00940.jpg,1
Boat/2015_00941.jpg,1
Boat/2015_00942.jpg,1
Boat/2015_00943.jpg,1
Boat/2015_00944.jpg,1
Boat/2015_00945.jpg,1
Boat/2015_00946.jpg,1
Boat/2015_00947.jpg,1
Boat/2015_00948.jpg,1
Boat/2015_00949.jpg,1
Boat/2015_00950.jpg,1
Boat/2015_00951.jpg,1
Boat/2015_00952.jpg,1
Boat/2015_00953.jpg,1
Boat/2015_00954.jpg,1
Boat/2015_00955.jpg,1
Boat/2015_00956.jpg,1
Boat/2015_00957.jpg,1
Boat/2015_00958.jpg,1
Boat/2015_00959.jpg,1
Boat/2015_00960.jpg,1
Boat/2015_00961.jpg,1
Boat/2015_00962.jpg,1
Boat/2015_00963.jpg,1
Boat/2015_00964.jpg,1
Boat/2015_00965.jpg,1
Boat/2015_00966.jpg,1
Boat/2015_00967.jpg,1
Boat/2015_00968.jpg,1
Boat/2015_00969.jpg,1
Boat/2015_00970.jpg,1
Boat/2015_00971.jpg,1
Boat/2015_00972.jpg,1
Boat/2015_00973.jpg,1
Boat/2015_00974.jpg,1
Boat/2015_00975.jpg,1
Boat/2015_00976.jpg,1
Boat/2015_00977.jpg,1
Boat/2015_00978.jpg,1
Boat/2015_00979.jpg,1
Boat/2015_00980.jpg,1
Boat/2015_00981.jpg,1
Boat/2015_00982.jpg,1
Boat/2015_00983.jpg,1
Boat/2015_00984.jpg,1
Boat/2015_00985.jpg,1
Boat/2015_00986.jpg,1
Boat/2015_00987.jpg,1
Boat/2015_00988.jpg,1
Boat/2015_00989.jpg,1
Boat/2015_00990.jpg,1
Boat/2015_00991.jpg,1
Boat/2015_00992.jpg,1
Boat/2015_00993.jpg,1
Boat/2015_00994.jpg,1
Boat/2015_00995.jpg,1
Boat/2015_00996.jpg,1
Boat/2015_00997.jpg,1
Boat/2015_00998.jpg,1
Boat/2015_00999.jpg,1
Boat/2015_01000.jpg,1
Boat/2015_01001.jpg,1
Boat/2015_01002.jpg,1
Boat/2015_01003.jpg,1
Boat/2015_01004.jpg,1
Boat/2015_01005.jpg,1
Boat/2015_01006.jpg,1
Boat/2015_01007.jpg,1
Boat/2015_01008.jpg,1
Boat/2015_01009.jpg,1
Boat/2015_01010.jpg,1
Boat/2015_01011.jpg,1
Boat/2015_01012.jpg,1
Boat/2015_01013.jpg,1
Boat/2015_01014.jpg,1
Boat/2015_01015.jpg,1
Boat/2015_01016.jpg,1
Boat/2015_01017.jpg,1
Boat/2015_01018.jpg,1
Boat/2015_01019.jpg,1
Boat/2015_01020.jpg,1
Boat/2015_01021.jpg,1
Boat/2015_01022.jpg,1
Boat/2015_01023.jpg,1
Boat/2015_01024.JPEG,1
Boat/2015_01025.JPEG,1
Boat/2015_01026.JPEG,1
Boat/2015_01027.JPEG,1
Boat/2015_01028.JPEG,1
Boat/2015_01029.png,1
Boat/2015_01030.png,1
Boat/2015_01031.png,1
Boat/2015_01032.jpg,1
Boat/2015_01033.jpg,1
Boat/2015_01034.jpg,1
Boat/2015_01035.jpg,1
Boat/2015_01036.jpg,1
Boat/2015_01037.jpg,1
Boat/2015_01038.jpg,1
Boat/2015_01039.jpg,1
Boat/2015_01040.jpg,1
Boat/2015_01041.jpg,1
Boat/2015_01042.jpg,1
Boat/2015_01043.jpg,1
Boat/2015_01044.jpg,1
Boat/2015_01045.jpg,1
Boat/2015_01046.jpg,1
Boat/2015_01047.jpg,1
Boat/2015_01048.jpg,1
Boat/2015_01049.jpg,1
Boat/2015_01050.jpg,1
Boat/2015_01051.jpg,1
Boat/2015_01052.jpg,1
Bottle/2015_01582.jpg,2
Bottle/2015_01583.jpg,2
Bottle/2015_01584.jpg,2
Bottle/2015_01585.jpg,2
Bottle/2015_01586.jpg,2
Bottle/2015_01587.jpg,2
Bottle/2015_01588.jpg,2
Bottle/2015_01589.jpg,2
Bottle/2015_01590.jpg,2
Bottle/2015_01591.jpg,2
Bottle/2015_01592.jpg,2
Bottle/2015_01593.jpg,2
Bottle/2015_01594.jpg,2
Bottle/2015_01595.jpg,2
Bottle/2015_01596.jpg,2
Bottle/2015_01597.jpg,2
Bottle/2015_01598.jpg,2
Bottle/2015_01599.jpg,2
Bottle/2015_01600.jpg,2
Bottle/2015_01601.jpg,2
Bottle/2015_01602.jpg,2
Bottle/2015_01603.jpg,2
Bottle/2015_01604.jpg,2
Bottle/2015_01605.jpg,2
Bottle/2015_01606.jpg,2
Bottle/2015_01607.jpg,2
Bottle/2015_01608.jpg,2
Bottle/2015_01609.jpg,2
Bottle/2015_01610.jpg,2
Bottle/2015_01611.jpg,2
Bottle/2015_01612.jpg,2
Bottle/2015_01613.jpg,2
Bottle/2015_01614.jpg,2
Bottle/2015_01615.jpg,2
Bottle/2015_01616.jpg,2
Bottle/2015_01617.jpg,2
Bottle/2015_01618.jpg,2
Bottle/2015_01619.jpg,2
Bottle/2015_01620.jpg,2
Bottle/2015_01621.jpg,2
Bottle/2015_01622.jpg,2
Bottle/2015_01623.jpg,2
Bottle/2015_01624.jpg,2
Bottle/2015_01625.jpg,2
Bottle/2015_01626.jpg,2
Bottle/2015_01627.jpg,2
Bottle/2015_01628.jpg,2
Bottle/2015_01629.jpg,2
Bottle/2015_01630.jpg,2
Bottle/2015_01631.jpg,2
Bottle/2015_01632.jpg,2
Bottle/2015_01633.jpg,2
Bottle/2015_01634.jpg,2
Bottle/2015_01635.jpg,2
Bottle/2015_01636.jpg,2
Bottle/2015_01637.jpg,2
Bottle/2015_01638.jpg,2
Bottle/2015_01639.jpg,2
Bottle/2015_01640.jpg,2
Bottle/2015_01641.jpg,2
Bottle/2015_01642.jpg,2
Bottle/2015_01643.jpg,2
Bottle/2015_01644.jpg,2
Bottle/2015_01645.jpg,2
Bottle/2015_01646.jpg,2
Bottle/2015_01647.jpg,2
Bottle/2015_01648.jpg,2
Bottle/2015_01649.jpg,2
Bottle/2015_01650.jpg,2
Bottle/2015_01651.jpg,2
Bottle/2015_01652.jpg,2
Bottle/2015_01653.jpg,2
Bottle/2015_01654.jpg,2
Bottle/2015_01655.jpg,2
Bottle/2015_01656.jpg,2
Bottle/2015_01657.jpg,2
Bottle/2015_01658.jpg,2
Bottle/2015_01659.jpg,2
Bottle/2015_01660.jpg,2
Bottle/2015_01661.jpg,2
Bottle/2015_01662.jpg,2
Bottle/2015_01663.jpg,2
Bottle/2015_01664.jpg,2
Bottle/2015_01665.jpg,2
Bottle/2015_01666.jpg,2
Bottle/2015_01667.jpg,2
Bottle/2015_01668.jpg,2
Bottle/2015_01669.jpg,2
Bottle/2015_01670.jpg,2
Bottle/2015_01671.jpg,2
Bottle/2015_01672.jpg,2
Bottle/2015_01673.jpg,2
Bottle/2015_01674.jpg,2
Bottle/2015_01675.jpg,2
Bottle/2015_01676.jpg,2
Bottle/2015_01677.jpg,2
Bottle/2015_01678.jpg,2
Bottle/2015_01679.jpg,2
Bottle/2015_01680.jpg,2
Bottle/2015_01681.jpg,2
Bottle/2015_01682.jpg,2
Bottle/2015_01683.jpg,2
Bottle/2015_01684.jpg,2
Bottle/2015_01685.jpg,2
Bottle/2015_01686.jpg,2
Bottle/2015_01687.jpg,2
Bottle/2015_01688.png,2
Bottle/2015_01689.jpg,2
Bottle/2015_01690.JPG,2
Bottle/2015_01691.JPEG,2
Bottle/2015_01692.JPEG,2
Bottle/2015_01693.JPEG,2
Bottle/2015_01694.JPEG,2
Bottle/2015_01695.JPEG,2
Bottle/2015_01696.JPEG,2
Bottle/2015_01697.JPEG,2
Bottle/2015_01698.JPEG,2
Bottle/2015_01699.JPEG,2
Bottle/2015_01700.JPEG,2
Bottle/2015_01701.JPEG,2
Bottle/2015_01702.JPEG,2
Bottle/2015_01703.JPEG,2
Bottle/2015_01704.JPEG,2
Bottle/2015_01705.JPEG,2
Bottle/2015_01706.JPEG,2
Bottle/2015_01707.JPEG,2
Bottle/2015_01708.JPEG,2
Bottle/2015_01709.JPEG,2
Bottle/2015_01710.JPEG,2
Bottle/2015_01711.JPEG,2
Bottle/2015_01712.JPEG,2
Bottle/2015_01713.JPEG,2
Bottle/2015_01714.JPEG,2
Bottle/2015_01715.jpg,2
Bottle/2015_01716.jpg,2
Bottle/2015_01717.JPG,2
Bottle/2015_01718.JPG,2
Bottle/2015_01719.JPG,2
Bottle/2015_01720.JPG,2
Bottle/2015_01721.JPG,2
Bottle/2015_01722.JPG,2
Bottle/2015_01723.JPG,2
Bottle/2015_01724.JPG,2
Bottle/2015_01725.JPG,2
Bottle/2015_01726.JPG,2
Bottle/2015_01727.JPG,2
Bottle/2015_01728.JPG,2
Bottle/2015_01729.JPG,2
Bottle/2015_01730.JPG,2
Bottle/2015_01731.JPG,2
Bus/2015_02129.jpg,3
Bus/2015_02130.jpg,3
Bus/2015_02131.jpg,3
Bus/2015_02132.jpg,3
Bus/2015_02133.jpg,3
Bus/2015_02134.jpg,3
Bus/2015_02135.jpg,3
Bus/2015_02136.jpg,3
Bus/2015_02137.jpg,3
Bus/2015_02138.jpg,3
Bus/2015_02139.jpg,3
Bus/2015_02140.jpg,3
Bus/2015_02141.jpg,3
Bus/2015_02142.jpg,3
Bus/2015_02143.jpg,3
Bus/2015_02144.jpg,3
Bus/2015_02145.jpg,3
Bus/2015_02146.jpg,3
Bus/2015_02147.jpg,3
Bus/2015_02148.jpg,3
Bus/2015_02149.jpg,3
Bus/2015_02150.jpg,3
Bus/2015_02151.jpg,3
Bus/2015_02152.jpg,3
Bus/2015_02153.jpg,3
Bus/2015_02154.jpg,3
Bus/2015_02155.jpg,3
Bus/2015_02156.jpg,3
Bus/2015_02157.jpg,3
Bus/2015_02158.jpg,3
Bus/2015_02159.jpg,3
Bus/2015_02160.jpg,3
Bus/2015_02161.jpg,3
Bus/2015_02162.jpg,3
Bus/2015_02163.jpg,3
Bus/2015_02164.jpg,3
Bus/2015_02165.jpg,3
Bus/2015_02166.jpg,3
Bus/2015_02167.jpg,3
Bus/2015_02168.jpg,3
Bus/2015_02169.jpg,3
Bus/2015_02170.jpg,3
Bus/2015_02171.jpg,3
Bus/2015_02172.jpg,3
Bus/2015_02173.jpg,3
Bus/2015_02174.jpg,3
Bus/2015_02175.jpg,3
Bus/2015_02176.jpg,3
Bus/2015_02177.jpg,3
Bus/2015_02178.jpg,3
Bus/2015_02179.jpg,3
Bus/2015_02180.jpg,3
Bus/2015_02181.jpg,3
Bus/2015_02182.jpg,3
Bus/2015_02183.jpg,3
Bus/2015_02184.jpg,3
Bus/2015_02185.jpg,3
Bus/2015_02186.jpg,3
Bus/2015_02187.jpg,3
Bus/2015_02188.jpg,3
Bus/2015_02189.jpg,3
Bus/2015_02190.jpg,3
Bus/2015_02191.jpg,3
Bus/2015_02192.jpg,3
Bus/2015_02193.jpg,3
Bus/2015_02194.jpg,3
Bus/2015_02195.jpg,3
Bus/2015_02196.jpg,3
Bus/2015_02197.jpg,3
Bus/2015_02198.jpg,3
Bus/2015_02199.jpg,3
Bus/2015_02200.jpg,3
Bus/2015_02201.jpg,3
Bus/2015_02202.jpg,3
Bus/2015_02203.jpg,3
Bus/2015_02204.jpg,3
Bus/2015_02205.jpg,3
Bus/2015_02206.jpg,3
Bus/2015_02207.jpg,3
Bus/2015_02208.jpg,3
Bus/2015_02209.jpg,3
Bus/2015_02210.jpg,3
Bus/2015_02211.jpg,3
Bus/2015_02212.jpg,3
Bus/2015_02213.jpg,3
Bus/2015_02214.jpg,3
Bus/2015_02215.jpg,3
Bus/2015_02216.jpg,3
Bus/2015_02217.jpg,3
Bus/2015_02218.jpg,3
Bus/2015_02219.jpg,3
Bus/2015_02220.jpg,3
Bus/2015_02221.jpg,3
Bus/2015_02222.jpg,3
Bus/2015_02223.jpg,3
Bus/2015_02224.jpg,3
Bus/2015_02225.jpg,3
Bus/2015_02226.jpg,3
Bus/2015_02227.jpg,3
Bus/2015_02228.jpg,3
Bus/2015_02229.jpg,3
Bus/2015_02230.jpg,3
Bus/2015_02231.jpg,3
Bus/2015_02232.jpg,3
Bus/2015_02233.jpg,3
Bus/2015_02234.JPG,3
Bus/2015_02235.jpg,3
Bus/2015_02236.jpg,3
Bus/2015_02237.JPEG,3
Bus/2015_02238.jpg,3
Bus/2015_02239.JPEG,3
Bus/2015_02240.JPEG,3
Bus/2015_02241.JPEG,3
Bus/2015_02242.jpg,3
Bus/2015_02243.jpg,3
Bus/2015_02244.jpg,3
Bus/2015_02245.jpg,3
Bus/2015_02246.jpg,3
Bus/2015_02247.jpg,3
Bus/2015_02248.JPG,3
Bus/2015_02249.JPG,3
Bus/2015_02250.JPG,3
Bus/2015_02251.JPG,3
Bus/2015_02252.JPG,3
Bus/2015_02253.JPG,3
Bus/2015_02254.JPG,3
Bus/2015_02255.JPG,3
Bus/2015_02256.JPG,3
Bus/2015_02257.JPG,3
Bus/2015_02258.JPG,3
Bus/2015_02259.JPG,3
Bus/2015_02260.JPG,3
Bus/2015_02261.JPG,3
Bus/2015_02262.JPG,3
Bus/2015_02263.JPG,3
Bus/2015_02264.JPG,3
Bus/2015_02265.JPG,3
Bus/2015_02266.JPG,3
Bus/2015_02267.jpg,3
Bus/2015_02268.jpg,3
Bus/2015_02269.jpg,3
Bus/2015_02270.jpg,3
Bus/2015_02271.jpg,3
Bus/2015_02272.JPG,3
Bus/2015_02273.jpg,3
Bus/2015_02274.JPG,3
Bus/2015_02275.jpg,3
Bus/2015_02276.jpg,3
Bus/2015_02277.jpg,3
Bus/2015_02278.jpg,3
Car/2015_02656.JPG,4
Car/2015_02657.JPG,4
Car/2015_02658.JPG,4
Car/2015_02659.JPG,4
Car/2015_02660.JPG,4
Car/2015_02661.JPG,4
Car/2015_02662.JPG,4
Car/2015_02663.JPG,4
Car/2015_02664.JPG,4
Car/2015_02665.JPG,4
Car/2015_02666.JPG,4
Car/2015_02667.JPG,4
Car/2015_02668.JPG,4
Car/2015_02669.JPG,4
Car/2015_02670.JPG,4
Car/2015_02671.JPG,4
Car/2015_02672.JPG,4
Car/2015_02673.JPG,4
Car/2015_02674.JPG,4
Car/2015_02675.JPG,4
Car/2015_02676.JPG,4
Car/2015_02677.JPG,4
Car/2015_02678.JPG,4
Car/2015_02679.JPG,4
Car/2015_02680.JPG,4
Car/2015_02681.JPG,4
Car/2015_02682.JPG,4
Car/2015_02683.JPG,4
Car/2015_02684.JPG,4
Car/2015_02685.JPG,4
Car/2015_02686.JPG,4
Car/2015_02687.JPG,4
Car/2015_02688.JPG,4
Car/2015_02689.JPG,4
Car/2015_02690.JPG,4
Car/2015_02691.JPG,4
Car/2015_02692.JPG,4
Car/2015_02693.JPG,4
Car/2015_02694.JPG,4
Car/2015_02695.jpg,4
Car/2015_02696.jpg,4
Car/2015_02697.jpg,4
Car/2015_02698.JPG,4
Car/2015_02699.jpg,4
Car/2015_02700.jpg,4
Car/2015_02701.jpg,4
Car/2015_02702.jpg,4
Car/2015_02703.jpg,4
Car/2015_02704.jpg,4
Car/2015_02705.png,4
Car/2015_02706.jpg,4
Car/2015_02707.jpg,4
Car/2015_02708.jpg,4
Car/2015_02709.jpg,4
Car/2015_02710.jpg,4
Car/2015_02711.jpg,4
Car/2015_02712.jpg,4
Car/2015_02713.jpg,4
Car/2015_02714.jpg,4
Car/2015_02715.jpg,4
Car/2015_02716.jpg,4
Car/2015_02717.jpg,4
Car/2015_02718.jpg,4
Car/2015_02719.jpg,4
Car/2015_02720.jpg,4
Car/2015_02721.jpg,4
Car/2015_02722.jpg,4
Car/2015_02723.jpg,4
Car/2015_02724.jpg,4
Car/2015_02725.png,4
Car/2015_02726.jpg,4
Car/2015_02727.jpg,4
Car/2015_02728.jpg,4
Car/2015_02729.jpg,4
Car/2015_02730.jpg,4
Car/2015_02731.jpg,4
Car/2015_02732.jpg,4
Car/2015_02733.jpg,4
Car/2015_02734.jpg,4
Car/2015_02735.jpg,4
Car/2015_02736.jpg,4
Car/2015_02737.jpg,4
Car/2015_02738.jpg,4
Car/2015_02739.jpg,4
Car/2015_02740.jpg,4
Car/2015_02741.jpg,4
Car/2015_02742.jpg,4
Car/2015_02743.jpg,4
Car/2015_02744.jpg,4
Car/2015_02745.jpg,4
Car/2015_02746.jpg,4
Car/2015_02747.jpg,4
Car/2015_02748.jpg,4
Car/2015_02749.jpg,4
Car/2015_02750.jpg,4
Car/2015_02751.jpg,4
Car/2015_02752.jpg,4
Car/2015_02753.jpg,4
Car/2015_02754.jpg,4
Car/2015_02755.jpg,4
Car/2015_02756.jpg,4
Car/2015_02757.jpg,4
Car/2015_02758.jpg,4
Car/2015_02759.jpg,4
Car/2015_02760.jpg,4
Car/2015_02761.png,4
Car/2015_02762.jpg,4
Car/2015_02763.jpg,4
Car/2015_02764.jpg,4
Car/2015_02765.jpg,4
Car/2015_02766.jpg,4
Car/2015_02767.jpg,4
Car/2015_02768.png,4
Car/2015_02769.jpg,4
Car/2015_02770.jpg,4
Car/2015_02771.jpg,4
Car/2015_02772.jpg,4
Car/2015_02773.jpg,4
Car/2015_02774.jpg,4
Car/2015_02775.jpg,4
Car/2015_02776.jpg,4
Car/2015_02777.jpg,4
Car/2015_02778.jpg,4
Car/2015_02779.jpg,4
Car/2015_02780.jpg,4
Car/2015_02781.jpg,4
Car/2015_02782.jpg,4
Car/2015_02783.jpg,4
Car/2015_02784.jpg,4
Car/2015_02785.jpg,4
Car/2015_02786.jpg,4
Car/2015_02787.jpg,4
Car/2015_02788.jpg,4
Car/2015_02789.jpg,4
Car/2015_02790.jpg,4
Car/2015_02791.jpg,4
Car/2015_02792.jpg,4
Car/2015_02793.jpg,4
Car/2015_02794.jpg,4
Car/2015_02795.jpg,4
Car/2015_02796.jpg,4
Car/2015_02797.jpg,4
Car/2015_02798.jpg,4
Car/2015_02799.jpg,4
Car/2015_02800.jpg,4
Car/2015_02801.jpg,4
Car/2015_02802.jpg,4
Car/2015_02803.jpg,4
Car/2015_02804.jpg,4
Car/2015_02805.jpg,4
Cat/2015_03292.jpg,5
Cat/2015_03293.jpg,5
Cat/2015_03294.jpg,5
Cat/2015_03295.jpg,5
Cat/2015_03296.jpg,5
Cat/2015_03297.jpg,5
Cat/2015_03298.jpg,5
Cat/2015_03299.jpg,5
Cat/2015_03300.jpg,5
Cat/2015_03301.jpg,5
Cat/2015_03302.jpg,5
Cat/2015_03303.jpg,5
Cat/2015_03304.jpg,5
Cat/2015_03305.jpg,5
Cat/2015_03306.jpg,5
Cat/2015_03307.jpg,5
Cat/2015_03308.jpg,5
Cat/2015_03309.jpg,5
Cat/2015_03310.jpg,5
Cat/2015_03311.jpg,5
Cat/2015_03312.jpg,5
Cat/2015_03313.jpg,5
Cat/2015_03314.jpg,5
Cat/2015_03315.jpg,5
Cat/2015_03316.jpg,5
Cat/2015_03317.jpg,5
Cat/2015_03318.jpg,5
Cat/2015_03319.jpg,5
Cat/2015_03320.jpg,5
Cat/2015_03321.jpg,5
Cat/2015_03322.jpg,5
Cat/2015_03323.jpg,5
Cat/2015_03324.jpg,5
Cat/2015_03325.jpg,5
Cat/2015_03326.jpg,5
Cat/2015_03327.jpg,5
Cat/2015_03328.jpg,5
Cat/2015_03329.jpg,5
Cat/2015_03330.jpg,5
Cat/2015_03331.jpg,5
Cat/2015_03332.jpg,5
Cat/2015_03333.jpg,5
Cat/2015_03334.jpg,5
Cat/2015_03335.jpg,5
Cat/2015_03336.jpg,5
Cat/2015_03337.jpg,5
Cat/2015_03338.jpg,5
Cat/2015_03339.jpg,5
Cat/2015_03340.jpg,5
Cat/2015_03341.jpg,5
Cat/2015_03342.jpg,5
Cat/2015_03343.jpg,5
Cat/2015_03344.jpg,5
Cat/2015_03345.jpg,5
Cat/2015_03346.jpg,5
Cat/2015_03347.jpg,5
Cat/2015_03348.jpg,5
Cat/2015_03349.jpg,5
Cat/2015_03350.jpg,5
Cat/2015_03351.jpg,5
Cat/2015_03352.jpg,5
Cat/2015_03353.jpg,5
Cat/2015_03354.jpg,5
Cat/2015_03355.JPEG,5
Cat/2015_03356.JPEG,5
Cat/2015_03357.JPEG,5
Cat/2015_03358.JPEG,5
Cat/2015_03359.JPEG,5
Cat/2015_03360.JPEG,5
Cat/2015_03361.jpg,5
Cat/2015_03362.jpg,5
Cat/2015_03363.jpg,5
Cat/2015_03364.jpg,5
Cat/2015_03365.JPG,5
Cat/2015_03366.JPG,5
Cat/2015_03367.JPG,5
Cat/2015_03368.jpg,5
Cat/2015_03369.JPG,5
Cat/2015_03370.JPG,5
Cat/2015_03371.JPG,5
Cat/2015_03372.JPG,5
Cat/2015_03373.JPG,5
Cat/2015_03374.JPG,5
Cat/2015_03375.JPG,5
Cat/2015_03376.jpg,5
Cat/2015_03377.jpg,5
Cat/2015_03378.jpg,5
Cat/2015_03379.jpg,5
Cat/2015_03380.jpg,5
Cat/2015_03381.jpg,5
Cat/2015_03382.jpg,5
Cat/2015_03383.jpg,5
Cat/2015_03384.jpg,5
Cat/2015_03385.jpg,5
Cat/2015_03386.jpg,5
Cat/2015_03387.jpg,5
Cat/2015_03388.jpg,5
Cat/2015_03389.jpg,5
Cat/2015_03390.jpg,5
Cat/2015_03391.jpg,5
Cat/2015_03392.jpg,5
Cat/2015_03393.jpg,5
Cat/2015_03394.jpg,5
Cat/2015_03395.jpg,5
Cat/2015_03396.jpg,5
Cat/2015_03397.jpg,5
Cat/2015_03398.png,5
Cat/2015_03399.jpg,5
Cat/2015_03400.jpg,5
Cat/2015_03401.jpg,5
Cat/2015_03402.jpg,5
Cat/2015_03403.jpg,5
Cat/2015_03404.jpg,5
Cat/2015_03405.jpg,5
Cat/2015_03406.jpg,5
Cat/2015_03407.jpg,5
Cat/2015_03408.jpg,5
Cat/2015_03409.jpg,5
Cat/2015_03410.jpg,5
Cat/2015_03411.jpg,5
Cat/2015_03412.jpg,5
Cat/2015_03413.jpg,5
Cat/2015_03414.jpg,5
Cat/2015_03415.jpg,5
Cat/2015_03416.jpg,5
Cat/2015_03417.jpg,5
Cat/2015_03418.jpg,5
Cat/2015_03419.jpg,5
Cat/2015_03420.jpg,5
Cat/2015_03421.jpg,5
Cat/2015_03422.jpg,5
Cat/2015_03423.jpg,5
Cat/2015_03424.jpg,5
Cat/2015_03425.jpg,5
Cat/2015_03426.jpg,5
Cat/2015_03427.jpg,5
Cat/2015_03428.jpg,5
Cat/2015_03429.jpg,5
Cat/2015_03430.jpg,5
Cat/2015_03431.jpg,5
Cat/2015_03432.jpg,5
Cat/2015_03433.jpg,5
Cat/2015_03434.jpg,5
Cat/2015_03435.png,5
Cat/2015_03436.jpg,5
Cat/2015_03437.jpg,5
Cat/2015_03438.jpg,5
Cat/2015_03439.jpg,5
Cat/2015_03440.jpg,5
Cat/2015_03441.jpg,5
Chair/2015_04027.jpg,6
Chair/2015_04028.jpg,6
Chair/2015_04029.jpg,6
Chair/2015_04030.jpg,6
Chair/2015_04031.jpg,6
Chair/2015_04032.jpg,6
Chair/2015_04033.jpg,6
Chair/2015_04034.jpg,6
Chair/2015_04035.jpg,6
Chair/2015_04036.jpg,6
Chair/2015_04037.jpg,6
Chair/2015_04038.jpg,6
Chair/2015_04039.jpg,6
Chair/2015_04040.jpg,6
Chair/2015_04041.jpg,6
Chair/2015_04042.jpg,6
Chair/2015_04043.jpg,6
Chair/2015_04044.jpg,6
Chair/2015_04045.jpg,6
Chair/2015_04046.jpg,6
Chair/2015_04047.jpg,6
Chair/2015_04048.jpg,6
Chair/2015_04049.jpg,6
Chair/2015_04050.jpg,6
Chair/2015_04051.jpg,6
Chair/2015_04052.jpg,6
Chair/2015_04053.jpg,6
Chair/2015_04054.jpg,6
Chair/2015_04055.jpg,6
Chair/2015_04056.jpg,6
Chair/2015_04057.jpg,6
Chair/2015_04058.jpg,6
Chair/2015_04059.jpg,6
Chair/2015_04060.jpg,6
Chair/2015_04061.jpg,6
Chair/2015_04062.jpg,6
Chair/2015_04063.jpg,6
Chair/2015_04064.jpg,6
Chair/2015_04065.jpg,6
Chair/2015_04066.jpg,6
Chair/2015_04067.jpg,6
Chair/2015_04068.jpg,6
Chair/2015_04069.jpg,6
Chair/2015_04070.jpg,6
Chair/2015_04071.jpg,6
Chair/2015_04072.jpg,6
Chair/2015_04073.jpg,6
Chair/2015_04074.jpg,6
Chair/2015_04075.jpg,6
Chair/2015_04076.jpg,6
Chair/2015_04077.jpg,6
Chair/2015_04078.jpg,6
Chair/2015_04079.jpg,6
Chair/2015_04080.jpg,6
Chair/2015_04081.jpg,6
Chair/2015_04082.jpg,6
Chair/2015_04083.jpg,6
Chair/2015_04084.jpg,6
Chair/2015_04085.jpg,6
Chair/2015_04086.jpg,6
Chair/2015_04087.jpg,6
Chair/2015_04088.jpg,6
Chair/2015_04089.jpg,6
Chair/2015_04090.jpg,6
Chair/2015_04091.jpg,6
Chair/2015_04092.jpg,6
Chair/2015_04093.jpg,6
Chair/2015_04094.jpg,6
Chair/2015_04095.jpg,6
Chair/2015_04096.jpg,6
Chair/2015_04097.jpg,6
Chair/2015_04098.jpg,6
Chair/2015_04099.jpg,6
Chair/2015_04100.jpg,6
Chair/2015_04101.jpg,6
Chair/2015_04102.jpg,6
Chair/2015_04103.jpg,6
Chair/2015_04104.jpg,6
Chair/2015_04105.jpg,6
Chair/2015_04106.jpg,6
Chair/2015_04107.jpg,6
Chair/2015_04108.jpg,6
Chair/2015_04109.jpg,6
Chair/2015_04110.jpg,6
Chair/2015_04111.jpg,6
Chair/2015_04112.jpg,6
Chair/2015_04113.jpg,6
Chair/2015_04114.jpg,6
Chair/2015_04115.jpg,6
Chair/2015_04116.jpg,6
Chair/2015_04117.jpg,6
Chair/2015_04118.jpg,6
Chair/2015_04119.jpg,6
Chair/2015_04120.jpg,6
Chair/2015_04121.jpg,6
Chair/2015_04122.jpg,6
Chair/2015_04123.jpg,6
Chair/2015_04124.jpg,6
Chair/2015_04125.jpg,6
Chair/2015_04126.jpg,6
Chair/2015_04127.jpg,6
Chair/2015_04128.jpg,6
Chair/2015_04129.jpg,6
Chair/2015_04130.jpg,6
Chair/2015_04131.jpg,6
Chair/2015_04132.jpg,6
Chair/2015_04133.jpg,6
Chair/2015_04134.jpg,6
Chair/2015_04135.jpg,6
Chair/2015_04136.jpg,6
Chair/2015_04137.jpg,6
Chair/2015_04138.jpg,6
Chair/2015_04139.jpg,6
Chair/2015_04140.jpg,6
Chair/2015_04141.jpg,6
Chair/2015_04142.jpg,6
Chair/2015_04143.jpg,6
Chair/2015_04144.jpg,6
Chair/2015_04145.jpg,6
Chair/2015_04146.jpg,6
Chair/2015_04147.jpg,6
Chair/2015_04148.jpg,6
Chair/2015_04149.jpg,6
Chair/2015_04150.jpg,6
Chair/2015_04151.jpg,6
Chair/2015_04152.jpg,6
Chair/2015_04153.JPG,6
Chair/2015_04154.JPEG,6
Chair/2015_04155.JPEG,6
Chair/2015_04156.JPEG,6
Chair/2015_04157.JPEG,6
Chair/2015_04158.JPEG,6
Chair/2015_04159.JPEG,6
Chair/2015_04160.JPEG,6
Chair/2015_04161.JPEG,6
Chair/2015_04162.JPEG,6
Chair/2015_04163.JPEG,6
Chair/2015_04164.JPEG,6
Chair/2015_04165.JPEG,6
Chair/2015_04166.JPEG,6
Chair/2015_04167.JPEG,6
Chair/2015_04168.JPEG,6
Chair/2015_04169.JPG,6
Chair/2015_04170.JPG,6
Chair/2015_04171.JPG,6
Chair/2015_04172.JPG,6
Chair/2015_04173.JPG,6
Chair/2015_04174.JPG,6
Chair/2015_04175.JPG,6
Chair/2015_04176.JPG,6
Cup/2015_04675.jpg,7
Cup/2015_04676.jpg,7
Cup/2015_04677.jpg,7
Cup/2015_04678.jpg,7
Cup/2015_04679.jpg,7
Cup/2015_04680.jpg,7
Cup/2015_04681.jpg,7
Cup/2015_04682.jpg,7
Cup/2015_04683.JPEG,7
Cup/2015_04684.JPEG,7
Cup/2015_04685.JPEG,7
Cup/2015_04686.JPEG,7
Cup/2015_04687.JPEG,7
Cup/2015_04688.JPEG,7
Cup/2015_04689.JPEG,7
Cup/2015_04690.JPEG,7
Cup/2015_04691.JPEG,7
Cup/2015_04692.JPEG,7
Cup/2015_04693.JPEG,7
Cup/2015_04694.JPEG,7
Cup/2015_04695.JPEG,7
Cup/2015_04696.JPEG,7
Cup/2015_04697.JPEG,7
Cup/2015_04698.JPEG,7
Cup/2015_04699.JPEG,7
Cup/2015_04700.JPEG,7
Cup/2015_04701.JPEG,7
Cup/2015_04702.JPEG,7
Cup/2015_04703.JPEG,7
Cup/2015_04704.JPEG,7
Cup/2015_04705.JPEG,7
Cup/2015_04706.JPEG,7
Cup/2015_04707.JPEG,7
Cup/2015_04708.JPEG,7
Cup/2015_04709.JPEG,7
Cup/2015_04710.JPEG,7
Cup/2015_04711.JPEG,7
Cup/2015_04712.JPEG,7
Cup/2015_04713.JPEG,7
Cup/2015_04714.JPEG,7
Cup/2015_04715.JPEG,7
Cup/2015_04716.JPEG,7
Cup/2015_04717.JPEG,7
Cup/2015_04718.JPEG,7
Cup/2015_04719.JPEG,7
Cup/2015_04720.JPEG,7
Cup/2015_04721.jpg,7
Cup/2015_04722.jpg,7
Cup/2015_04723.jpg,7
Cup/2015_04724.JPG,7
Cup/2015_04725.JPG,7
Cup/2015_04726.JPG,7
Cup/2015_04727.JPG,7
Cup/2015_04728.JPG,7
Cup/2015_04729.JPG,7
Cup/2015_04730.JPG,7
Cup/2015_04731.JPG,7
Cup/2015_04732.jpg,7
Cup/2015_04733.jpg,7
Cup/2015_04734.png,7
Cup/2015_04735.png,7
Cup/2015_04736.png,7
Cup/2015_04737.png,7
Cup/2015_04738.png,7
Cup/2015_04739.jpg,7
Cup/2015_04740.jpg,7
Cup/2015_04741.jpg,7
Cup/2015_04742.jpg,7
Cup/2015_04743.jpg,7
Cup/2015_04744.jpg,7
Cup/2015_04745.jpg,7
Cup/2015_04746.png,7
Cup/2015_04747.jpg,7
Cup/2015_04748.jpg,7
Cup/2015_04749.jpg,7
Cup/2015_04750.jpg,7
Cup/2015_04751.jpg,7
Cup/2015_04752.jpg,7
Cup/2015_04753.jpg,7
Cup/2015_04754.jpg,7
Cup/2015_04755.jpg,7
Cup/2015_04756.jpg,7
Cup/2015_04757.jpg,7
Cup/2015_04758.jpg,7
Cup/2015_04759.jpg,7
Cup/2015_04760.png,7
Cup/2015_04761.jpg,7
Cup/2015_04762.jpg,7
Cup/2015_04763.jpg,7
Cup/2015_04764.jpg,7
Cup/2015_04765.jpg,7
Cup/2015_04766.jpg,7
Cup/2015_04767.jpg,7
Cup/2015_04768.png,7
Cup/2015_04769.jpg,7
Cup/2015_04770.jpg,7
Cup/2015_04771.jpg,7
Cup/2015_04772.jpg,7
Cup/2015_04773.jpg,7
Cup/2015_04774.jpg,7
Cup/2015_04775.jpg,7
Cup/2015_04776.jpg,7
Cup/2015_04777.jpg,7
Cup/2015_04778.jpg,7
Cup/2015_04779.jpg,7
Cup/2015_04780.jpg,7
Cup/2015_04781.jpg,7
Cup/2015_04782.jpg,7
Cup/2015_04783.png,7
Cup/2015_04784.jpg,7
Cup/2015_04785.jpg,7
Cup/2015_04786.jpg,7
Cup/2015_04787.jpg,7
Cup/2015_04788.jpg,7
Cup/2015_04789.jpg,7
Cup/2015_04790.jpg,7
Cup/2015_04791.jpg,7
Cup/2015_04792.jpg,7
Cup/2015_04793.jpg,7
Cup/2015_04794.jpg,7
Cup/2015_04795.jpg,7
Cup/2015_04796.jpg,7
Cup/2015_04797.jpg,7
Cup/2015_04798.png,7
Cup/2015_04799.jpg,7
Cup/2015_04800.jpg,7
Cup/2015_04801.jpg,7
Cup/2015_04802.png,7
Cup/2015_04803.jpg,7
Cup/2015_04804.jpg,7
Cup/2015_04805.jpg,7
Cup/2015_04806.jpg,7
Cup/2015_04807.jpg,7
Cup/2015_04808.jpg,7
Cup/2015_04809.jpg,7
Cup/2015_04810.jpg,7
Cup/2015_04811.jpg,7
Cup/2015_04812.jpg,7
Cup/2015_04813.jpg,7
Cup/2015_04814.jpg,7
Cup/2015_04815.jpg,7
Cup/2015_04816.jpg,7
Cup/2015_04817.jpg,7
Cup/2015_04818.jpg,7
Cup/2015_04819.jpg,7
Cup/2015_04820.jpg,7
Cup/2015_04821.jpg,7
Cup/2015_04822.jpg,7
Cup/2015_04823.jpg,7
Cup/2015_04824.jpg,7
Dog/2015_05194.jpg,8
Dog/2015_05195.jpg,8
Dog/2015_05196.jpg,8
Dog/2015_05197.jpg,8
Dog/2015_05198.jpg,8
Dog/2015_05199.jpg,8
Dog/2015_05200.jpg,8
Dog/2015_05201.jpg,8
Dog/2015_05202.jpg,8
Dog/2015_05203.jpg,8
Dog/2015_05204.jpg,8
Dog/2015_05205.jpg,8
Dog/2015_05206.jpg,8
Dog/2015_05207.jpg,8
Dog/2015_05208.jpg,8
Dog/2015_05209.jpg,8
Dog/2015_05210.jpg,8
Dog/2015_05211.jpg,8
Dog/2015_05212.jpg,8
Dog/2015_05213.jpg,8
Dog/2015_05214.jpg,8
Dog/2015_05215.jpg,8
Dog/2015_05216.jpg,8
Dog/2015_05217.jpg,8
Dog/2015_05218.jpg,8
Dog/2015_05219.jpg,8
Dog/2015_05220.jpg,8
Dog/2015_05221.jpg,8
Dog/2015_05222.jpg,8
Dog/2015_05223.jpg,8
Dog/2015_05224.jpg,8
Dog/2015_05225.jpg,8
Dog/2015_05226.jpg,8
Dog/2015_05227.jpg,8
Dog/2015_05228.jpg,8
Dog/2015_05229.jpg,8
Dog/2015_05230.jpg,8
Dog/2015_05231.jpg,8
Dog/2015_05232.jpg,8
Dog/2015_05233.jpg,8
Dog/2015_05234.jpg,8
Dog/2015_05235.jpg,8
Dog/2015_05236.jpg,8
Dog/2015_05237.jpg,8
Dog/2015_05238.jpg,8
Dog/2015_05239.jpg,8
Dog/2015_05240.jpg,8
Dog/2015_05241.jpg,8
Dog/2015_05242.jpg,8
Dog/2015_05243.jpg,8
Dog/2015_05244.jpg,8
Dog/2015_05245.jpg,8
Dog/2015_05246.jpg,8
Dog/2015_05247.jpg,8
Dog/2015_05248.jpg,8
Dog/2015_05249.jpg,8
Dog/2015_05250.jpg,8
Dog/2015_05251.jpg,8
Dog/2015_05252.jpg,8
Dog/2015_05253.jpg,8
Dog/2015_05254.jpg,8
Dog/2015_05255.jpg,8
Dog/2015_05256.jpg,8
Dog/2015_05257.jpg,8
Dog/2015_05258.jpg,8
Dog/2015_05259.jpg,8
Dog/2015_05260.jpg,8
Dog/2015_05261.jpg,8
Dog/2015_05262.jpg,8
Dog/2015_05263.jpg,8
Dog/2015_05264.jpg,8
Dog/2015_05265.jpg,8
Dog/2015_05266.jpg,8
Dog/2015_05267.jpg,8
Dog/2015_05268.jpg,8
Dog/2015_05269.jpg,8
Dog/2015_05270.jpg,8
Dog/2015_05271.jpg,8
Dog/2015_05272.jpg,8
Dog/2015_05273.jpg,8
Dog/2015_05274.jpg,8
Dog/2015_05275.jpg,8
Dog/2015_05276.jpg,8
Dog/2015_05277.jpg,8
Dog/2015_05278.jpg,8
Dog/2015_05279.jpg,8
Dog/2015_05280.jpg,8
Dog/2015_05281.jpg,8
Dog/2015_05282.jpg,8
Dog/2015_05283.jpg,8
Dog/2015_05284.jpg,8
Dog/2015_05285.JPEG,8
Dog/2015_05286.jpg,8
Dog/2015_05287.jpg,8
Dog/2015_05288.jpg,8
Dog/2015_05289.jpg,8
Dog/2015_05290.jpg,8
Dog/2015_05291.jpg,8
Dog/2015_05292.jpg,8
Dog/2015_05293.jpg,8
Dog/2015_05294.jpg,8
Dog/2015_05295.jpg,8
Dog/2015_05296.jpg,8
Dog/2015_05297.jpg,8
Dog/2015_05298.jpg,8
Dog/2015_05299.jpg,8
Dog/2015_05300.jpg,8
Dog/2015_05301.jpg,8
Dog/2015_05302.jpg,8
Dog/2015_05303.jpg,8
Dog/2015_05304.jpg,8
Dog/2015_05305.jpg,8
Dog/2015_05306.jpg,8
Dog/2015_05307.jpg,8
Dog/2015_05308.jpg,8
Dog/2015_05309.jpg,8
Dog/2015_05310.jpg,8
Dog/2015_05311.jpg,8
Dog/2015_05312.jpg,8
Dog/2015_05313.jpg,8
Dog/2015_05314.jpg,8
Dog/2015_05315.jpg,8
Dog/2015_05316.jpg,8
Dog/2015_05317.jpg,8
Dog/2015_05318.jpg,8
Dog/2015_05319.jpg,8
Dog/2015_05320.jpg,8
Dog/2015_05321.jpg,8
Dog/2015_05322.jpg,8
Dog/2015_05323.jpg,8
Dog/2015_05324.JPEG,8
Dog/2015_05325.JPEG,8
Dog/2015_05326.JPEG,8
Dog/2015_05327.JPEG,8
Dog/2015_05328.JPEG,8
Dog/2015_05329.JPEG,8
Dog/2015_05330.JPEG,8
Dog/2015_05331.JPEG,8
Dog/2015_05332.JPEG,8
Dog/2015_05333.JPEG,8
Dog/2015_05334.JPEG,8
Dog/2015_05335.JPEG,8
Dog/2015_05336.JPEG,8
Dog/2015_05337.jpeg,8
Dog/2015_05338.jpg,8
Dog/2015_05339.jpg,8
Dog/2015_05340.JPG,8
Dog/2015_05341.JPG,8
Dog/2015_05342.JPG,8
Dog/2015_05343.jpg,8
Motorbike/2015_05995.jpg,9
Motorbike/2015_05996.jpg,9
Motorbike/2015_05997.jpg,9
Motorbike/2015_05998.jpg,9
Motorbike/2015_05999.jpg,9
Motorbike/2015_06000.jpg,9
Motorbike/2015_06001.jpg,9
Motorbike/2015_06002.jpg,9
Motorbike/2015_06003.jpg,9
Motorbike/2015_06004.jpg,9
Motorbike/2015_06005.jpg,9
Motorbike/2015_06006.jpg,9
Motorbike/2015_06007.jpg,9
Motorbike/2015_06008.jpg,9
Motorbike/2015_06009.jpg,9
Motorbike/2015_06010.jpg,9
Motorbike/2015_06011.jpg,9
Motorbike/2015_06012.jpg,9
Motorbike/2015_06013.jpg,9
Motorbike/2015_06014.jpg,9
Motorbike/2015_06015.jpg,9
Motorbike/2015_06016.jpg,9
Motorbike/2015_06017.jpg,9
Motorbike/2015_06018.jpg,9
Motorbike/2015_06019.jpg,9
Motorbike/2015_06020.jpg,9
Motorbike/2015_06021.jpg,9
Motorbike/2015_06022.jpg,9
Motorbike/2015_06023.jpg,9
Motorbike/2015_06024.jpg,9
Motorbike/2015_06025.jpg,9
Motorbike/2015_06026.jpg,9
Motorbike/2015_06027.jpg,9
Motorbike/2015_06028.jpg,9
Motorbike/2015_06029.jpg,9
Motorbike/2015_06030.jpg,9
Motorbike/2015_06031.jpg,9
Motorbike/2015_06032.jpg,9
Motorbike/2015_06033.jpg,9
Motorbike/2015_06034.jpg,9
Motorbike/2015_06035.jpg,9
Motorbike/2015_06036.jpg,9
Motorbike/2015_06037.jpg,9
Motorbike/2015_06038.jpg,9
Motorbike/2015_06039.jpg,9
Motorbike/2015_06040.JPEG,9
Motorbike/2015_06041.JPEG,9
Motorbike/2015_06042.JPEG,9
Motorbike/2015_06043.JPEG,9
Motorbike/2015_06044.JPG,9
Motorbike/2015_06045.JPG,9
Motorbike/2015_06046.JPG,9
Motorbike/2015_06047.JPG,9
Motorbike/2015_06048.JPG,9
Motorbike/2015_06049.JPG,9
Motorbike/2015_06050.JPG,9
Motorbike/2015_06051.JPG,9
Motorbike/2015_06052.JPG,9
Motorbike/2015_06053.JPG,9
Motorbike/2015_06054.JPG,9
Motorbike/2015_06055.JPG,9
Motorbike/2015_06056.JPG,9
Motorbike/2015_06057.JPG,9
Motorbike/2015_06058.JPG,9
Motorbike/2015_06059.JPG,9
Motorbike/2015_06060.JPG,9
Motorbike/2015_06061.JPG,9
Motorbike/2015_06062.JPG,9
Motorbike/2015_06063.JPG,9
Motorbike/2015_06064.JPG,9
Motorbike/2015_06065.JPG,9
Motorbike/2015_06066.JPG,9
Motorbike/2015_06067.JPG,9
Motorbike/2015_06068.JPG,9
Motorbike/2015_06069.jpg,9
Motorbike/2015_06070.jpg,9
Motorbike/2015_06071.jpg,9
Motorbike/2015_06072.jpg,9
Motorbike/2015_06073.jpg,9
Motorbike/2015_06074.jpg,9
Motorbike/2015_06075.jpg,9
Motorbike/2015_06076.jpg,9
Motorbike/2015_06077.jpg,9
Motorbike/2015_06078.jpg,9
Motorbike/2015_06079.jpg,9
Motorbike/2015_06080.jpg,9
Motorbike/2015_06081.jpg,9
Motorbike/2015_06082.jpg,9
Motorbike/2015_06083.jpg,9
Motorbike/2015_06084.jpg,9
Motorbike/2015_06085.jpg,9
Motorbike/2015_06086.jpg,9
Motorbike/2015_06087.jpg,9
Motorbike/2015_06088.jpg,9
Motorbike/2015_06089.jpg,9
Motorbike/2015_06090.jpg,9
Motorbike/2015_06091.jpg,9
Motorbike/2015_06092.png,9
Motorbike/2015_06093.jpg,9
Motorbike/2015_06094.jpg,9
Motorbike/2015_06095.jpg,9
Motorbike/2015_06096.jpg,9
Motorbike/2015_06097.jpg,9
Motorbike/2015_06098.jpg,9
Motorbike/2015_06099.jpg,9
Motorbike/2015_06100.jpg,9
Motorbike/2015_06101.jpg,9
Motorbike/2015_06102.jpg,9
Motorbike/2015_06103.jpg,9
Motorbike/2015_06104.jpg,9
Motorbike/2015_06105.jpg,9
Motorbike/2015_06106.jpg,9
Motorbike/2015_06107.jpg,9
Motorbike/2015_06108.jpg,9
Motorbike/2015_06109.jpg,9
Motorbike/2015_06110.jpg,9
Motorbike/2015_06111.jpg,9
Motorbike/2015_06112.jpg,9
Motorbike/2015_06113.jpg,9
Motorbike/2015_06114.jpg,9
Motorbike/2015_06115.jpg,9
Motorbike/2015_06116.jpg,9
Motorbike/2015_06117.jpg,9
Motorbike/2015_06118.jpg,9
Motorbike/2015_06119.jpg,9
Motorbike/2015_06120.jpg,9
Motorbike/2015_06121.jpg,9
Motorbike/2015_06122.jpg,9
Motorbike/2015_06123.jpg,9
Motorbike/2015_06124.jpg,9
Motorbike/2015_06125.jpg,9
Motorbike/2015_06126.jpg,9
Motorbike/2015_06127.jpg,9
Motorbike/2015_06128.jpg,9
Motorbike/2015_06129.jpg,9
Motorbike/2015_06130.jpg,9
Motorbike/2015_06131.jpg,9
Motorbike/2015_06132.jpg,9
Motorbike/2015_06133.jpg,9
Motorbike/2015_06134.jpg,9
Motorbike/2015_06135.jpg,9
Motorbike/2015_06136.jpg,9
Motorbike/2015_06137.jpg,9
Motorbike/2015_06138.jpg,9
Motorbike/2015_06139.JPEG,9
Motorbike/2015_06140.JPEG,9
Motorbike/2015_06141.JPEG,9
Motorbike/2015_06142.JPEG,9
Motorbike/2015_06143.JPEG,9
Motorbike/2015_06144.JPEG,9
People/2015_06496.jpg,10
People/2015_06497.jpg,10
People/2015_06498.jpg,10
People/2015_06499.jpg,10
People/2015_06500.jpg,10
People/2015_06501.jpg,10
People/2015_06502.jpg,10
People/2015_06503.jpg,10
People/2015_06504.jpg,10
People/2015_06505.jpg,10
People/2015_06506.jpg,10
People/2015_06507.jpg,10
People/2015_06508.jpg,10
People/2015_06509.jpg,10
People/2015_06510.jpg,10
People/2015_06511.jpg,10
People/2015_06512.jpg,10
People/2015_06513.jpg,10
People/2015_06514.jpg,10
People/2015_06515.jpg,10
People/2015_06516.jpg,10
People/2015_06517.jpg,10
People/2015_06518.jpg,10
People/2015_06519.jpg,10
People/2015_06520.jpg,10
People/2015_06521.jpg,10
People/2015_06522.jpg,10
People/2015_06523.jpg,10
People/2015_06524.jpg,10
People/2015_06525.jpg,10
People/2015_06526.jpg,10
People/2015_06527.jpg,10
People/2015_06528.jpg,10
People/2015_06529.jpg,10
People/2015_06530.jpg,10
People/2015_06531.jpg,10
People/2015_06532.jpg,10
People/2015_06533.jpg,10
People/2015_06534.jpg,10
People/2015_06535.jpg,10
People/2015_06536.jpg,10
People/2015_06537.jpg,10
People/2015_06538.jpg,10
People/2015_06539.jpg,10
People/2015_06540.jpg,10
People/2015_06541.jpg,10
People/2015_06542.jpg,10
People/2015_06543.jpg,10
People/2015_06544.jpg,10
People/2015_06545.jpg,10
People/2015_06546.jpg,10
People/2015_06547.jpg,10
People/2015_06548.jpg,10
People/2015_06549.jpg,10
People/2015_06550.jpg,10
People/2015_06551.jpg,10
People/2015_06552.jpg,10
People/2015_06553.jpg,10
People/2015_06554.jpg,10
People/2015_06555.jpg,10
People/2015_06556.jpg,10
People/2015_06557.jpg,10
People/2015_06558.jpg,10
People/2015_06559.jpg,10
People/2015_06560.jpg,10
People/2015_06561.jpg,10
People/2015_06562.jpg,10
People/2015_06563.jpg,10
People/2015_06564.jpg,10
People/2015_06565.jpg,10
People/2015_06566.jpg,10
People/2015_06567.jpg,10
People/2015_06568.jpg,10
People/2015_06569.jpg,10
People/2015_06570.jpg,10
People/2015_06571.jpg,10
People/2015_06572.jpg,10
People/2015_06573.jpg,10
People/2015_06574.jpg,10
People/2015_06575.jpg,10
People/2015_06576.jpg,10
People/2015_06577.jpg,10
People/2015_06578.jpg,10
People/2015_06579.jpg,10
People/2015_06580.jpg,10
People/2015_06581.jpg,10
People/2015_06582.jpg,10
People/2015_06583.jpg,10
People/2015_06584.jpg,10
People/2015_06585.jpg,10
People/2015_06586.jpg,10
People/2015_06587.jpg,10
People/2015_06588.jpg,10
People/2015_06589.jpg,10
People/2015_06590.jpg,10
People/2015_06591.jpg,10
People/2015_06592.jpg,10
People/2015_06593.jpg,10
People/2015_06594.jpg,10
People/2015_06595.jpg,10
People/2015_06596.jpg,10
People/2015_06597.jpg,10
People/2015_06598.jpg,10
People/2015_06599.jpg,10
People/2015_06600.jpg,10
People/2015_06601.jpg,10
People/2015_06602.jpg,10
People/2015_06603.jpg,10
People/2015_06604.jpg,10
People/2015_06605.jpg,10
People/2015_06606.jpg,10
People/2015_06607.jpg,10
People/2015_06608.jpg,10
People/2015_06609.jpg,10
People/2015_06610.jpg,10
People/2015_06611.jpg,10
People/2015_06612.jpg,10
People/2015_06613.jpg,10
People/2015_06614.JPG,10
People/2015_06615.JPG,10
People/2015_06616.JPG,10
People/2015_06617.JPG,10
People/2015_06618.JPG,10
People/2015_06619.JPG,10
People/2015_06620.JPG,10
People/2015_06621.jpg,10
People/2015_06622.JPG,10
People/2015_06623.JPG,10
People/2015_06624.JPG,10
People/2015_06625.JPG,10
People/2015_06626.jpg,10
People/2015_06627.JPEG,10
People/2015_06628.JPEG,10
People/2015_06629.JPEG,10
People/2015_06630.JPEG,10
People/2015_06631.JPEG,10
People/2015_06632.JPEG,10
People/2015_06633.JPEG,10
People/2015_06634.JPEG,10
People/2015_06635.JPEG,10
People/2015_06636.JPEG,10
People/2015_06637.JPEG,10
People/2015_06638.JPEG,10
People/2015_06639.JPEG,10
People/2015_06640.JPEG,10
People/2015_06641.JPEG,10
People/2015_06642.JPEG,10
People/2015_06643.JPEG,10
People/2015_06644.JPEG,10
People/2015_06645.JPEG,10
Table/2015_07102.jpg,11
Table/2015_07103.jpg,11
Table/2015_07104.jpg,11
Table/2015_07105.jpg,11
Table/2015_07106.jpg,11
Table/2015_07107.jpg,11
Table/2015_07108.jpg,11
Table/2015_07109.jpg,11
Table/2015_07110.jpg,11
Table/2015_07111.jpg,11
Table/2015_07112.jpg,11
Table/2015_07113.jpg,11
Table/2015_07114.jpg,11
Table/2015_07115.jpg,11
Table/2015_07116.jpg,11
Table/2015_07117.jpg,11
Table/2015_07118.jpg,11
Table/2015_07119.jpg,11
Table/2015_07120.jpg,11
Table/2015_07121.jpg,11
Table/2015_07122.jpg,11
Table/2015_07123.jpg,11
Table/2015_07124.jpg,11
Table/2015_07125.jpg,11
Table/2015_07126.jpg,11
Table/2015_07127.jpg,11
Table/2015_07128.jpg,11
Table/2015_07129.jpg,11
Table/2015_07130.jpg,11
Table/2015_07131.jpg,11
Table/2015_07132.jpg,11
Table/2015_07133.jpg,11
Table/2015_07134.jpg,11
Table/2015_07135.jpg,11
Table/2015_07136.jpg,11
Table/2015_07137.jpg,11
Table/2015_07138.jpg,11
Table/2015_07139.jpg,11
Table/2015_07140.jpg,11
Table/2015_07141.jpg,11
Table/2015_07142.jpg,11
Table/2015_07143.JPG,11
Table/2015_07144.JPG,11
Table/2015_07145.JPG,11
Table/2015_07146.JPG,11
Table/2015_07147.JPG,11
Table/2015_07148.JPG,11
Table/2015_07149.JPEG,11
Table/2015_07150.JPEG,11
Table/2015_07151.JPEG,11
Table/2015_07152.JPEG,11
Table/2015_07153.JPEG,11
Table/2015_07154.JPEG,11
Table/2015_07155.JPEG,11
Table/2015_07156.JPEG,11
Table/2015_07157.JPEG,11
Table/2015_07158.JPEG,11
Table/2015_07159.JPEG,11
Table/2015_07160.JPEG,11
Table/2015_07161.JPEG,11
Table/2015_07162.JPEG,11
Table/2015_07163.JPEG,11
Table/2015_07164.JPEG,11
Table/2015_07165.jpg,11
Table/2015_07166.JPG,11
Table/2015_07167.JPG,11
Table/2015_07168.JPG,11
Table/2015_07169.JPG,11
Table/2015_07170.JPG,11
Table/2015_07171.JPG,11
Table/2015_07172.JPG,11
Table/2015_07173.JPG,11
Table/2015_07174.JPG,11
Table/2015_07175.JPG,11
Table/2015_07176.JPG,11
Table/2015_07177.JPG,11
Table/2015_07178.JPG,11
Table/2015_07179.JPG,11
Table/2015_07180.JPG,11
Table/2015_07181.JPG,11
Table/2015_07182.JPG,11
Table/2015_07183.JPG,11
Table/2015_07184.JPG,11
Table/2015_07185.JPG,11
Table/2015_07186.JPG,11
Table/2015_07187.JPG,11
Table/2015_07188.JPG,11
Table/2015_07189.JPG,11
Table/2015_07190.JPG,11
Table/2015_07191.JPG,11
Table/2015_07192.JPG,11
Table/2015_07193.JPG,11
Table/2015_07194.JPG,11
Table/2015_07195.JPG,11
Table/2015_07196.jpg,11
Table/2015_07197.jpg,11
Table/2015_07198.jpg,11
Table/2015_07199.png,11
Table/2015_07200.png,11
Table/2015_07201.jpg,11
Table/2015_07202.jpg,11
Table/2015_07203.jpg,11
Table/2015_07204.jpg,11
Table/2015_07205.jpg,11
Table/2015_07206.jpg,11
Table/2015_07207.jpg,11
Table/2015_07208.jpg,11
Table/2015_07209.jpg,11
Table/2015_07210.jpg,11
Table/2015_07211.jpg,11
Table/2015_07212.jpg,11
Table/2015_07213.jpg,11
Table/2015_07214.jpg,11
Table/2015_07215.jpg,11
Table/2015_07216.jpg,11
Table/2015_07217.jpg,11
Table/2015_07218.jpg,11
Table/2015_07219.png,11
Table/2015_07220.jpg,11
Table/2015_07221.jpg,11
Table/2015_07222.jpg,11
Table/2015_07223.jpg,11
Table/2015_07224.jpg,11
Table/2015_07225.jpg,11
Table/2015_07226.jpg,11
Table/2015_07227.jpg,11
Table/2015_07228.jpg,11
Table/2015_07229.jpg,11
Table/2015_07230.jpg,11
Table/2015_07231.jpg,11
Table/2015_07232.jpg,11
Table/2015_07233.jpg,11
Table/2015_07234.jpg,11
Table/2015_07235.jpg,11
Table/2015_07236.jpg,11
Table/2015_07237.jpg,11
Table/2015_07238.jpg,11
Table/2015_07239.jpg,11
Table/2015_07240.png,11
Table/2015_07241.jpg,11
Table/2015_07242.jpg,11
Table/2015_07243.jpg,11
Table/2015_07244.jpg,11
Table/2015_07245.jpg,11
Table/2015_07246.jpg,11
Table/2015_07247.jpg,11
Table/2015_07248.jpg,11
Table/2015_07249.jpg,11
Table/2015_07250.jpg,11
Table/2015_07251.jpg,11
